Route,County,CA PM,Abs PM,ID,Type,Name,Lanes,Unnamed: 8,Lat,Long
I5-S,Los Angeles,13.67,130.24,715947,Mainline,S OF 710,3,,34.015325,-118.17127
I5-S,Los Angeles,13.35,129.92,716930,Mainline,FERRIS,4,,34.013529,-118.166192
I5-S,Los Angeles,13.023,129.593,718085,Mainline,TRIGGS,4,,34.011229,-118.161247
I5-S,Los Angeles,12.68,129.25,716928,Mainline,ATLANTIC,4,,34.007592,-118.157266
I5-S,Los Angeles,12.18,128.75,718364,Mainline,GASPAR,4,,34.002455,-118.151164
I5-S,Los Angeles,11.54,128.11,716924,Mainline,WASHINGTON 1,4,,33.994935,-118.14469
I5-S,Los Angeles,11.3,127.87,763980,Mainline,MALT,4,,33.992211,-118.142079
I5-S,Los Angeles,10.76,127.33,716922,Mainline,GARFIELD,4,,33.986224,-118.136014
I5-S,Los Angeles,10.33,126.9,768523,Mainline,GREENWOOD,4,,33.981723,-118.130845
I5-S,Los Angeles,9.87,126.44,716920,Mainline,SLAUSON,4,,33.97646,-118.125953
I5-S,Los Angeles,9.5,126.07,715929,Mainline,GUATEMALA,4,,33.971707,-118.123095
I5-S,Los Angeles,8.93,125.5,716895,Mainline,PARAMOUNT,4,,33.963867,-118.11987
I5-S,Los Angeles,8.35,124.92,716918,Mainline,LAKEWOOD 2,4,,33.958225,-118.11239
I5-S,Los Angeles,8.21,124.78,716916,Mainline,LAKEWOOD 1,4,,33.956897,-118.110532
I5-S,Los Angeles,7.8,124.37,763990,Mainline,GARNISH,4,,33.952949,-118.105163
I5-S,Los Angeles,6.64,123.21,715920,Mainline,S OF 605,4,,33.938544,-118.094941
I5-S,Los Angeles,5.5,122.07,715916,Mainline,TINA,3,,33.924281,-118.084952
I5-S,Los Angeles,5.22,121.79,716912,Mainline,PIONEER,3,,33.920763,-118.082501
I5-S,Los Angeles,4.89,121.46,716911,Mainline,IMPERIAL,3,,33.916643,-118.079557
I5-S,Los Angeles,4.28,120.85,716908,Mainline,SAN ANTONIO/NORWALK,3,,33.911074,-118.071686
I5-S,Los Angeles,3.95,120.52,759610,Mainline,SILVER BOW,3,,33.907584,-118.067796
I5-S,Los Angeles,3.62,120.19,716906,Mainline,FIRESTONE,3,,33.903961,-118.064046
I5-S,Los Angeles,3.28,119.85,716907,Mainline,ROSECRANS,3,,33.900669,-118.059422
I5-S,Los Angeles,2.8,119.37,763706,Mainline,FIDEL,3,,33.896666,-118.052294
I5-S,Los Angeles,2.27,118.84,716902,Mainline,CARMENITA,3,,33.892489,-118.044573
I5-S,Los Angeles,2.03,118.6,763748,Mainline,SPRING,3,,33.89061,-118.041088
I5-S,Los Angeles,1.06,117.63,716898,Mainline,VALLEY VIEW,3,,33.882892,-118.026822
I5-S,Los Angeles,0.68,117.25,716896,Mainline,PHOEBE,4,,33.879952,-118.021355
I5-S,Los Angeles,0.2,116.77,762398,Mainline,OSMOND,4,,33.876316,-118.014605
I5-S,Los Angeles,0.03,116.6,762347,Mainline,ARTESIA,4,,33.875077,-118.012367
